{
  "main": {
    "id": "b8edbfa5f85cb9b1",
    "type": "split",
    "children": [
      {
        "id": "be5d3e30d154e73c",
        "type": "tabs",
        "children": [
          {
            "id": "45549480f257c62f",
            "type": "leaf",
            "state": {
              "type": "markdown",
              "state": {
                "file": "JavaScript/async & await.md",
                "mode": "source",
                "source": false
              },
              "icon": "lucide-file",
              "title": "async & await"
            }
          }
        ]
      }
    ],
    "direction": "vertical"
  },
  "left": {
    "id": "325d999f616c7fa5",
    "type": "split",
    "children": [
      {
        "id": "7e24a41f829b39ff",
        "type": "tabs",
        "children": [
          {
            "id": "7b86e09f91d91052",
            "type": "leaf",
            "state": {
              "type": "file-explorer",
              "state": {
                "sortOrder": "alphabetical",
                "autoReveal": false
              },
              "icon": "lucide-folder-closed",
              "title": "Files"
            }
          },
          {
            "id": "3a6672e4cf9028f8",
            "type": "leaf",
            "state": {
              "type": "search",
              "state": {
                "query": "",
                "matchingCase": false,
                "explainSearch": false,
                "collapseAll": false,
                "extraContext": false,
                "sortOrder": "alphabetical"
              },
              "icon": "lucide-search",
              "title": "Search"
            }
          },
          {
            "id": "bdcd1d0495adbaa5",
            "type": "leaf",
            "state": {
              "type": "bookmarks",
              "state": {},
              "icon": "lucide-bookmark",
              "title": "Bookmarks"
            }
          }
        ]
      }
    ],
    "direction": "horizontal",
    "width": 300
  },
  "right": {
    "id": "68b20bb5f5847373",
    "type": "split",
    "children": [
      {
        "id": "f400e50b05cf22b3",
        "type": "tabs",
        "children": [
          {
            "id": "f9b9d8efe0a1ef83",
            "type": "leaf",
            "state": {
              "type": "backlink",
              "state": {
                "file": "JavaScript/async & await.md",
                "collapseAll": false,
                "extraContext": false,
                "sortOrder": "alphabetical",
                "showSearch": false,
                "searchQuery": "",
                "backlinkCollapsed": false,
                "unlinkedCollapsed": true
              },
              "icon": "links-coming-in",
              "title": "Backlinks for async & await"
            }
          },
          {
            "id": "ee29cdb7232f4521",
            "type": "leaf",
            "state": {
              "type": "outgoing-link",
              "state": {
                "file": "JavaScript/async & await.md",
                "linksCollapsed": false,
                "unlinkedCollapsed": true
              },
              "icon": "links-going-out",
              "title": "Outgoing links from async & await"
            }
          },
          {
            "id": "94192a48165dc2d9",
            "type": "leaf",
            "state": {
              "type": "tag",
              "state": {
                "sortOrder": "frequency",
                "useHierarchy": false,
                "showSearch": false,
                "searchQuery": ""
              },
              "icon": "lucide-tags",
              "title": "Tags"
            }
          },
          {
            "id": "82b3fde8dbe9c669",
            "type": "leaf",
            "state": {
              "type": "outline",
              "state": {
                "file": "JavaScript/Promise.md",
                "followCursor": false,
                "showSearch": false,
                "searchQuery": ""
              },
              "icon": "lucide-list",
              "title": "Outline of Promise"
            }
          }
        ],
        "currentTab": 2
      }
    ],
    "direction": "horizontal",
    "width": 300
  },
  "left-ribbon": {
    "hiddenItems": {
      "switcher:Open quick switcher": false,
      "graph:Open graph view": false,
      "canvas:Create new canvas": false,
      "daily-notes:Open today's daily note": false,
      "templates:Insert template": false,
      "command-palette:Open command palette": false
    }
  },
  "active": "45549480f257c62f",
  "lastOpenFiles": [
    "JavaScript/자바스크립트 비동기.md",
    "JavaScript/Callback.md",
    "JavaScript/Promise.md",
    "JavaScript/async & await.md",
    "JavaScript",
    "create a link.md",
    "Welcome.md"
  ]
}